The top 10 futures contracts on individual securities traded are as under:                          
S No      ,Symbol    ,Exp Date  ,Traded Value (Rs.)  ,No of Contracts  
1         ,BAJFINANCE,30/07/2020,    67750441188.00,            83250
2         ,ICICIBANK ,30/07/2020,    24560456800.00,            48086
3         ,RELIANCE  ,30/07/2020,    42270500608.00,            45647
4         ,INDUSINDBK,30/07/2020,    18087753160.00,            43908
5         ,AXISBANK  ,30/07/2020,    18871701360.00,            35824
6         ,SBIN      ,30/07/2020,    15339946200.00,            27345
7         ,HDFCBANK  ,30/07/2020,    14432900295.00,            23909
8         ,M&MFIN    ,30/07/2020,     8752970835.00,            21126
9         ,BANDHANBNK,30/07/2020,    12705286230.00,            18673
10        ,RBLBANK   ,30/07/2020,     8467364620.00,            17746
The top ten contracts contributed to around  38% of the total traded volume in Futures on individual securities.BAJFINANCE was the most active future contracts on individual securities traded today with 85223 contracts and ICICIBANK was the next most active futures contracts with 49084 contracts being traded.                                                                                                                                                                                                     
