The top 10 futures contracts on individual securities traded are as under:                          
S No      ,Symbol    ,Exp Date  ,Traded Value (Rs.)  ,No of Contracts  
1         ,BAJFINANCE,27/08/2020,    35993085513.00,            42023
2         ,RELIANCE  ,27/08/2020,    36221636464.00,            33331
3         ,RBLBANK   ,27/08/2020,    11971934260.00,            24732
4         ,ICICIBANK ,27/08/2020,    11343864469.00,            23047
5         ,SBIN      ,27/08/2020,    11393000250.00,            19825
6         ,TATACONSUM,27/08/2020,    26880415245.00,            19413
7         ,HDFCBANK  ,27/08/2020,    11013212980.00,            19348
8         ,INDUSINDBK,27/08/2020,     7137294760.00,            17591
9         ,LUPIN     ,27/08/2020,    12981243435.00,            17125
10        ,HDFC      ,27/08/2020,     8868298815.00,            16612
The top ten contracts contributed to around  30% of the total traded volume in Futures on individual securities.BAJFINANCE was the most active future contracts on individual securities traded today with 42841 contracts and RELIANCE was the next most active futures contracts with 34644 contracts being traded.                                                                                                                                                                                                     
